OBJECTID,Name,X,Y
1,RSJ,7.4631989,81.6998092
2,BG,7.3382317,81.5963628
