OBJECTID,Name,X,Y
1,A,19.8839,-16.2790723
2,F,19.8765081,-16.2864898
